dataset,noise_rate,seed,strategy,k,gain
Cora,0.1,0,s,2,0.017000019550323486
Cora,0.1,0,s,5,0.025000035762786865
Cora,0.1,0,s,10,-0.018000006675720215
Cora,0.1,0,s,15,-0.013999998569488525
Cora,0.1,0,s,20,-0.02899998426437378
Cora,0.1,0,s,30,-0.013999998569488525
Cora,0.1,0,s,50,-0.0059999823570251465
Cora,0.1,0,s,75,-0.027000010013580322
Cora,0.1,0,s,100,-0.006999969482421875
Cora,0.1,0,d,2,0.018000006675720215
Cora,0.1,0,d,5,-0.04899996519088745
Cora,0.1,0,d,10,-0.26600000262260437
Cora,0.1,0,d,15,-0.1380000114440918
Cora,0.1,0,d,20,-0.49799999594688416
Cora,0.1,0,d,30,-0.6520000100135803
Cora,0.1,0,d,50,-0.7350000143051147
Cora,0.1,0,d,75,-0.675000011920929
Cora,0.1,0,d,100,-0.7350000143051147
Cora,0.1,0,p,2,-0.02399998903274536
Cora,0.1,0,p,5,-0.06599998474121094
Cora,0.1,0,p,10,-0.4359999895095825
Cora,0.1,0,p,15,-0.2980000078678131
Cora,0.1,0,p,20,-0.6520000100135803
Cora,0.1,0,p,30,-0.7350000143051147
Cora,0.1,0,p,50,-0.7350000143051147
Cora,0.1,0,p,75,-0.6380000114440918
Cora,0.1,0,p,100,-0.7350000143051147
Cora,0.1,0,u,0,0.013000011444091797
Cora,0.1,1,s,2,0.030999958515167236
Cora,0.1,1,s,5,0.013999998569488525
Cora,0.1,1,s,10,0.03299999237060547
Cora,0.1,1,s,15,0.0209999680519104
Cora,0.1,1,s,20,0.02799999713897705
Cora,0.1,1,s,30,0.03700000047683716
Cora,0.1,1,s,50,0.039999961853027344
Cora,0.1,1,s,75,0.02199995517730713
Cora,0.1,1,s,100,0.0009999871253967285
Cora,0.1,1,d,2,-0.06600004434585571
Cora,0.1,1,d,5,-0.013999998569488525
Cora,0.1,1,d,10,-0.17599999904632568
Cora,0.1,1,d,15,-0.17900002002716064
Cora,0.1,1,d,20,-0.3890000283718109
Cora,0.1,1,d,30,-0.6370000466704369
Cora,0.1,1,d,50,-0.7460000514984131
Cora,0.1,1,d,75,-0.7460000514984131
Cora,0.1,1,d,100,-0.7460000514984131
Cora,0.1,1,p,2,-0.029000043869018555
Cora,0.1,1,p,5,-0.00700002908706665
Cora,0.1,1,p,10,-0.27800002694129944
Cora,0.1,1,p,15,-0.23400002717971802
Cora,0.1,1,p,20,-0.6550000458955765
Cora,0.1,1,p,30,-0.7460000514984131
Cora,0.1,1,p,50,-0.7460000514984131
Cora,0.1,1,p,75,-0.7460000514984131
Cora,0.1,1,p,100,-0.7460000514984131
Cora,0.1,1,u,0,0.034999966621398926
Cora,0.1,2,s,2,0.030999958515167236
Cora,0.1,2,s,5,0.001999974250793457
Cora,0.1,2,s,10,0.009999990463256836
Cora,0.1,2,s,15,-0.0040000081062316895
Cora,0.1,2,s,20,0.003999948501586914
Cora,0.1,2,s,30,0.02599996328353882
Cora,0.1,2,s,50,0.009000003337860107
Cora,0.1,2,s,75,0.003999948501586914
Cora,0.1,2,s,100,-0.027000010013580322
Cora,0.1,2,d,2,-0.057000041007995605
Cora,0.1,2,d,5,-0.09300005435943604
Cora,0.1,2,d,10,-0.26100003719329834
Cora,0.1,2,d,15,-0.5620000511407852
Cora,0.1,2,d,20,-0.5780000537633896
Cora,0.1,2,d,30,-0.5780000537633896
Cora,0.1,2,d,50,-0.5780000537633896
Cora,0.1,2,d,75,-0.5780000537633896
Cora,0.1,2,d,100,-0.5780000537633896
Cora,0.1,2,p,2,0.02199995517730713
Cora,0.1,2,p,5,-0.15300005674362183
Cora,0.1,2,p,10,-0.30000004172325134
Cora,0.1,2,p,15,-0.5270000547170639
Cora,0.1,2,p,20,-0.49900004267692566
Cora,0.1,2,p,30,-0.5780000537633896
Cora,0.1,2,p,50,-0.5780000537633896
Cora,0.1,2,p,75,-0.5780000537633896
Cora,0.1,2,p,100,-0.5780000537633896
Cora,0.1,2,u,0,-0.0350000262260437
Cora,0.1,3,s,2,-0.020000040531158447
Cora,0.1,3,s,5,-0.017000019550323486
Cora,0.1,3,s,10,-0.018000006675720215
Cora,0.1,3,s,15,-0.021000027656555176
Cora,0.1,3,s,20,-0.023000001907348633
Cora,0.1,3,s,30,0.004999995231628418
Cora,0.1,3,s,50,-0.04500001668930054
Cora,0.1,3,s,75,-0.04400002956390381
Cora,0.1,3,s,100,-0.046000003814697266
Cora,0.1,3,d,2,-0.10300004482269287
Cora,0.1,3,d,5,-0.029000043869018555
Cora,0.1,3,d,10,-0.1640000343322754
Cora,0.1,3,d,15,-0.17500001192092896
Cora,0.1,3,d,20,-0.6230000406503677
Cora,0.1,3,d,30,-0.6340000405907631
Cora,0.1,3,d,50,-0.6340000405907631
Cora,0.1,3,d,75,-0.737000048160553
Cora,0.1,3,d,100,-0.6340000405907631
Cora,0.1,3,p,2,-0.07100003957748413
Cora,0.1,3,p,5,-0.15700000524520874
Cora,0.1,3,p,10,-0.281000018119812
Cora,0.1,3,p,15,-0.19900000095367432
Cora,0.1,3,p,20,-0.5960000455379486
Cora,0.1,3,p,30,-0.737000048160553
Cora,0.1,3,p,50,-0.737000048160553
Cora,0.1,3,p,75,-0.737000048160553
Cora,0.1,3,p,100,-0.6340000405907631
Cora,0.1,3,u,0,-0.0020000338554382324
Cora,0.1,4,s,2,0.027000010013580322
Cora,0.1,4,s,5,-0.0040000081062316895
Cora,0.1,4,s,10,-0.0009999871253967285
Cora,0.1,4,s,15,0.02899998426437378
Cora,0.1,4,s,20,0.018000006675720215
Cora,0.1,4,s,30,0.019999980926513672
Cora,0.1,4,s,50,-0.0559999942779541
Cora,0.1,4,s,75,-0.041999995708465576
Cora,0.1,4,s,100,-0.0350000262260437
Cora,0.1,4,d,2,-0.022000014781951904
Cora,0.1,4,d,5,-0.1850000023841858
Cora,0.1,4,d,10,-0.5680000334978104
Cora,0.1,4,d,15,-0.6220000311732292
Cora,0.1,4,d,20,-0.5460000336170197
Cora,0.1,4,d,30,-0.6680000349879265
Cora,0.1,4,d,50,-0.6680000349879265
Cora,0.1,4,d,75,-0.7330000400543213
Cora,0.1,4,d,100,-0.7330000400543213
Cora,0.1,4,p,2,-0.13899999856948853
Cora,0.1,4,p,5,-0.15900003910064697
Cora,0.1,4,p,10,-0.49800002574920654
Cora,0.1,4,p,15,-0.5250000357627869
Cora,0.1,4,p,20,-0.6680000349879265
Cora,0.1,4,p,30,-0.7330000400543213
Cora,0.1,4,p,50,-0.7330000400543213
Cora,0.1,4,p,75,-0.7330000400543213
Cora,0.1,4,p,100,-0.7330000400543213
Cora,0.1,4,u,0,0.012000024318695068
Cora,0.1,5,s,2,-0.050999999046325684
Cora,0.1,5,s,5,-0.0559999942779541
Cora,0.1,5,s,10,-0.03799998760223389
Cora,0.1,5,s,15,-0.050999999046325684
Cora,0.1,5,s,20,-0.02899998426437378
Cora,0.1,5,s,30,-0.022000014781951904
Cora,0.1,5,s,50,-0.07400000095367432
Cora,0.1,5,s,75,-0.02499997615814209
Cora,0.1,5,s,100,-0.06400001049041748
Cora,0.1,5,d,2,-0.026000022888183594
Cora,0.1,5,d,5,-0.23100000619888306
Cora,0.1,5,d,10,-0.5140000134706497
Cora,0.1,5,d,15,-0.609000027179718
Cora,0.1,5,d,20,-0.6700000241398811
Cora,0.1,5,d,30,-0.6700000241398811
Cora,0.1,5,d,50,-0.6700000241398811
Cora,0.1,5,d,75,-0.6700000241398811
Cora,0.1,5,d,100,-0.6700000241398811
Cora,0.1,5,p,2,-0.008000016212463379
Cora,0.1,5,p,5,-0.2239999771118164
Cora,0.1,5,p,10,-0.5070000141859055
Cora,0.1,5,p,15,-0.6700000241398811
Cora,0.1,5,p,20,-0.6700000241398811
Cora,0.1,5,p,30,-0.6700000241398811
Cora,0.1,5,p,50,-0.6700000241398811
Cora,0.1,5,p,75,-0.6700000241398811
Cora,0.1,5,p,100,-0.6700000241398811
Cora,0.1,5,u,0,-0.013000011444091797
Cora,0.1,6,s,2,-0.0209999680519104
Cora,0.1,6,s,5,-0.03299999237060547
Cora,0.1,6,s,10,0.0020000338554382324
Cora,0.1,6,s,15,-0.010999977588653564
Cora,0.1,6,s,20,-0.02199995517730713
Cora,0.1,6,s,30,-0.0339999794960022
Cora,0.1,6,s,50,0.0
Cora,0.1,6,s,75,-0.10199999809265137
Cora,0.1,6,s,100,-0.014999985694885254
Cora,0.1,6,d,2,-0.046000003814697266
Cora,0.1,6,d,5,-0.22600001096725464
Cora,0.1,6,d,10,-0.6790000051259995
Cora,0.1,6,d,15,-0.6800000071525574
Cora,0.1,6,d,20,-0.6770000085234642
Cora,0.1,6,d,30,-0.6760000064969063
Cora,0.1,6,d,50,-0.6760000064969063
Cora,0.1,6,d,75,-0.6760000064969063
Cora,0.1,6,d,100,-0.6760000064969063
Cora,0.1,6,p,2,-0.015999972820281982
Cora,0.1,6,p,5,-0.23399996757507324
Cora,0.1,6,p,10,-0.6630000025033951
Cora,0.1,6,p,15,-0.6800000071525574
Cora,0.1,6,p,20,-0.6760000064969063
Cora,0.1,6,p,30,-0.6760000064969063
Cora,0.1,6,p,50,-0.6760000064969063
Cora,0.1,6,p,75,-0.6760000064969063
Cora,0.1,6,p,100,-0.6760000064969063
Cora,0.1,6,u,0,0.010000050067901611
Cora,0.1,7,s,2,0.03700000047683716
Cora,0.1,7,s,5,0.02799999713897705
Cora,0.1,7,s,10,0.015999972820281982
Cora,0.1,7,s,15,0.019999980926513672
Cora,0.1,7,s,20,0.017000019550323486
Cora,0.1,7,s,30,0.014999985694885254
Cora,0.1,7,s,50,-0.013999998569488525
Cora,0.1,7,s,75,0.0
Cora,0.1,7,s,100,-0.001999974250793457
Cora,0.1,7,d,2,0.023000001907348633
Cora,0.1,7,d,5,-0.03299999237060547
Cora,0.1,7,d,10,-0.25300002098083496
Cora,0.1,7,d,15,-0.5300000309944153
Cora,0.1,7,d,20,-0.5870000272989273
Cora,0.1,7,d,30,-0.5890000313520432
Cora,0.1,7,d,50,-0.5890000313520432
Cora,0.1,7,d,75,-0.5890000313520432
Cora,0.1,7,d,100,-0.5890000313520432
Cora,0.1,7,p,2,0.013000011444091797
Cora,0.1,7,p,5,-0.010999977588653564
Cora,0.1,7,p,10,-0.20899999141693115
Cora,0.1,7,p,15,-0.5560000240802765
Cora,0.1,7,p,20,-0.5830000340938568
Cora,0.1,7,p,30,-0.5890000313520432
Cora,0.1,7,p,50,-0.5890000313520432
Cora,0.1,7,p,75,-0.5890000313520432
Cora,0.1,7,p,100,-0.5890000313520432
Cora,0.1,7,u,0,0.021000027656555176
Cora,0.1,8,s,2,0.035999953746795654
Cora,0.1,8,s,5,0.0009999871253967285
Cora,0.1,8,s,10,0.018999993801116943
Cora,0.1,8,s,15,0.04399996995925903
Cora,0.1,8,s,20,0.0
Cora,0.1,8,s,30,-0.009000003337860107
Cora,0.1,8,s,50,-0.026000022888183594
Cora,0.1,8,s,75,-0.03600001335144043
Cora,0.1,8,s,100,-0.012000024318695068
Cora,0.1,8,d,2,0.0029999613761901855
Cora,0.1,8,d,5,-0.07600003480911255
Cora,0.1,8,d,10,-0.3550000488758087
Cora,0.1,8,d,15,-0.437000036239624
Cora,0.1,8,d,20,-0.6460000574588776
Cora,0.1,8,d,30,-0.6540000587701797
Cora,0.1,8,d,50,-0.6540000587701797
Cora,0.1,8,d,75,-0.7450000643730164
Cora,0.1,8,d,100,-0.7450000643730164
Cora,0.1,8,p,2,-0.0020000338554382324
Cora,0.1,8,p,5,-0.010000050067901611
Cora,0.1,8,p,10,-0.34400004148483276
Cora,0.1,8,p,15,-0.5400000512599945
Cora,0.1,8,p,20,-0.6540000587701797
Cora,0.1,8,p,30,-0.7450000643730164
Cora,0.1,8,p,50,-0.7450000643730164
Cora,0.1,8,p,75,-0.7450000643730164
Cora,0.1,8,p,100,-0.7450000643730164
Cora,0.1,8,u,0,0.0
Cora,0.1,9,s,2,0.0
Cora,0.1,9,s,5,-0.013999998569488525
Cora,0.1,9,s,10,-0.0040000081062316895
Cora,0.1,9,s,15,0.0040000081062316895
Cora,0.1,9,s,20,-0.04100000858306885
Cora,0.1,9,s,30,-0.03200000524520874
Cora,0.1,9,s,50,-0.019999980926513672
Cora,0.1,9,s,75,-0.05199998617172241
Cora,0.1,9,s,100,-0.039999961853027344
Cora,0.1,9,d,2,0.03100001811981201
Cora,0.1,9,d,5,-0.06699997186660767
Cora,0.1,9,d,10,-0.43700000643730164
Cora,0.1,9,d,15,-0.6130000129342079
Cora,0.1,9,d,20,-0.6130000129342079
Cora,0.1,9,d,30,-0.6130000129342079
Cora,0.1,9,d,50,-0.6130000129342079
Cora,0.1,9,d,75,-0.6130000129342079
Cora,0.1,9,d,100,-0.6130000129342079
Cora,0.1,9,p,2,-0.019999980926513672
Cora,0.1,9,p,5,-0.1499999761581421
Cora,0.1,9,p,10,-0.39000001549720764
Cora,0.1,9,p,15,-0.6130000129342079
Cora,0.1,9,p,20,-0.6130000129342079
Cora,0.1,9,p,30,-0.6130000129342079
Cora,0.1,9,p,50,-0.6130000129342079
Cora,0.1,9,p,75,-0.6130000129342079
Cora,0.1,9,p,100,-0.6130000129342079
Cora,0.1,9,u,0,0.022000014781951904
Cora,0.2,0,s,2,0.06599998474121094
Cora,0.2,0,s,5,0.07499998807907104
Cora,0.2,0,s,10,0.06300002336502075
Cora,0.2,0,s,15,-0.06300002336502075
Cora,0.2,0,s,20,0.02499997615814209
Cora,0.2,0,s,30,0.0350000262260437
Cora,0.2,0,s,50,-0.046000003814697266
Cora,0.2,0,s,75,0.02399998903274536
Cora,0.2,0,s,100,-0.0820000171661377
Cora,0.2,0,d,2,0.03200000524520874
Cora,0.2,0,d,5,-0.1899999976158142
Cora,0.2,0,d,10,-0.5480000227689743
Cora,0.2,0,d,15,-0.5480000227689743
Cora,0.2,0,d,20,-0.5480000227689743
Cora,0.2,0,d,30,-0.5470000207424164
Cora,0.2,0,d,50,-0.5470000207424164
Cora,0.2,0,d,75,-0.5470000207424164
Cora,0.2,0,d,100,-0.5470000207424164
Cora,0.2,0,p,2,0.013999998569488525
Cora,0.2,0,p,5,-0.1940000057220459
Cora,0.2,0,p,10,-0.5480000227689743
Cora,0.2,0,p,15,-0.5480000227689743
Cora,0.2,0,p,20,-0.5470000207424164
Cora,0.2,0,p,30,-0.5470000207424164
Cora,0.2,0,p,50,-0.5470000207424164
Cora,0.2,0,p,75,-0.5470000207424164
Cora,0.2,0,p,100,-0.5470000207424164
Cora,0.2,0,u,0,0.023000001907348633
Cora,0.2,1,s,2,0.04700005054473877
Cora,0.2,1,s,5,0.03800004720687866
Cora,0.2,1,s,10,0.07200002670288086
Cora,0.2,1,s,15,0.0820000171661377
Cora,0.2,1,s,20,0.07100003957748413
Cora,0.2,1,s,30,0.050000011920928955
Cora,0.2,1,s,50,0.06300002336502075
Cora,0.2,1,s,75,0.05100005865097046
Cora,0.2,1,s,100,0.05200004577636719
Cora,0.2,1,d,2,0.0040000081062316895
Cora,0.2,1,d,5,-0.010999977588653564
Cora,0.2,1,d,10,-0.24199998378753662
Cora,0.2,1,d,15,-0.2789999842643738
Cora,0.2,1,d,20,-0.3619999885559082
Cora,0.2,1,d,30,-0.5850000008940697
Cora,0.2,1,d,50,-0.5499999970197678
Cora,0.2,1,d,75,-0.6940000057220459
Cora,0.2,1,d,100,-0.6940000057220459
Cora,0.2,1,p,2,0.0350000262260437
Cora,0.2,1,p,5,0.024000048637390137
Cora,0.2,1,p,10,-0.3149999976158142
Cora,0.2,1,p,15,-0.48499999940395355
Cora,0.2,1,p,20,-0.5119999945163727
Cora,0.2,1,p,30,-0.6940000057220459
Cora,0.2,1,p,50,-0.6940000057220459
Cora,0.2,1,p,75,-0.6940000057220459
Cora,0.2,1,p,100,-0.6940000057220459
Cora,0.2,1,u,0,0.06400001049041748
Cora,0.2,2,s,2,0.07200002670288086
Cora,0.2,2,s,5,0.06700003147125244
Cora,0.2,2,s,10,0.053000032901763916
Cora,0.2,2,s,15,0.06800001859664917
Cora,0.2,2,s,20,0.06000000238418579
Cora,0.2,2,s,30,0.020000040531158447
Cora,0.2,2,s,50,-0.015999972820281982
Cora,0.2,2,s,75,0.02799999713897705
Cora,0.2,2,s,100,0.01500004529953003
Cora,0.2,2,d,2,0.018999993801116943
Cora,0.2,2,d,5,-0.11799997091293335
Cora,0.2,2,d,10,-0.45499999821186066
Cora,0.2,2,d,15,-0.47600001096725464
Cora,0.2,2,d,20,-0.5010000020265579
Cora,0.2,2,d,30,-0.5700000077486038
Cora,0.2,2,d,50,-0.5080000013113022
Cora,0.2,2,d,75,-0.5080000013113022
Cora,0.2,2,d,100,-0.5080000013113022
Cora,0.2,2,p,2,0.013999998569488525
Cora,0.2,2,p,5,-0.12599998712539673
Cora,0.2,2,p,10,-0.46299999952316284
Cora,0.2,2,p,15,-0.5030000060796738
Cora,0.2,2,p,20,-0.4950000047683716
Cora,0.2,2,p,30,-0.5080000013113022
Cora,0.2,2,p,50,-0.5080000013113022
Cora,0.2,2,p,75,-0.5080000013113022
Cora,0.2,2,p,100,-0.5080000013113022
Cora,0.2,2,u,0,0.05500000715255737
Cora,0.2,3,s,2,0.027000010013580322
Cora,0.2,3,s,5,0.02399998903274536
Cora,0.2,3,s,10,0.02399998903274536
Cora,0.2,3,s,15,0.030999958515167236
Cora,0.2,3,s,20,0.03700000047683716
Cora,0.2,3,s,30,0.03700000047683716
Cora,0.2,3,s,50,0.0059999823570251465
Cora,0.2,3,s,75,-0.0040000081062316895
Cora,0.2,3,s,100,0.029999971389770508
Cora,0.2,3,d,2,-0.018999993801116943
Cora,0.2,3,d,5,-0.1040000319480896
Cora,0.2,3,d,10,-0.5990000441670418
Cora,0.2,3,d,15,-0.5990000441670418
Cora,0.2,3,d,20,-0.5990000441670418
Cora,0.2,3,d,30,-0.5990000441670418
Cora,0.2,3,d,50,-0.5990000441670418
Cora,0.2,3,d,75,-0.5990000441670418
Cora,0.2,3,d,100,-0.5990000441670418
Cora,0.2,3,p,2,-0.06000000238418579
Cora,0.2,3,p,5,-0.07400000095367432
Cora,0.2,3,p,10,-0.5510000437498093
Cora,0.2,3,p,15,-0.5990000441670418
Cora,0.2,3,p,20,-0.5990000441670418
Cora,0.2,3,p,30,-0.5990000441670418
Cora,0.2,3,p,50,-0.5990000441670418
Cora,0.2,3,p,75,-0.5990000441670418
Cora,0.2,3,p,100,-0.5990000441670418
Cora,0.2,3,u,0,0.039999961853027344
Cora,0.2,4,s,2,0.009999990463256836
Cora,0.2,4,s,5,0.04499995708465576
Cora,0.2,4,s,10,0.03299999237060547
Cora,0.2,4,s,15,0.02799999713897705
Cora,0.2,4,s,20,0.02499997615814209
Cora,0.2,4,s,30,-0.00700002908706665
Cora,0.2,4,s,50,-0.0910000205039978
Cora,0.2,4,s,75,-0.018000006675720215
Cora,0.2,4,s,100,-0.03600001335144043
Cora,0.2,4,d,2,0.08799999952316284
Cora,0.2,4,d,5,0.0339999794960022
Cora,0.2,4,d,10,-0.2770000398159027
Cora,0.2,4,d,15,-0.5790000557899475
Cora,0.2,4,d,20,-0.5810000598430634
Cora,0.2,4,d,30,-0.5810000598430634
Cora,0.2,4,d,50,-0.5820000544190407
Cora,0.2,4,d,75,-0.5820000544190407
Cora,0.2,4,d,100,-0.5820000544190407
Cora,0.2,4,p,2,0.050999999046325684
Cora,0.2,4,p,5,-0.013000011444091797
Cora,0.2,4,p,10,-0.37400004267692566
Cora,0.2,4,p,15,-0.5470000505447388
Cora,0.2,4,p,20,-0.5820000544190407
Cora,0.2,4,p,30,-0.5820000544190407
Cora,0.2,4,p,50,-0.5820000544190407
Cora,0.2,4,p,75,-0.5820000544190407
Cora,0.2,4,p,100,-0.5820000544190407
Cora,0.2,4,u,0,0.04399996995925903
Cora,0.2,5,s,2,-0.0020000338554382324
Cora,0.2,5,s,5,0.0040000081062316895
Cora,0.2,5,s,10,-0.03600001335144043
Cora,0.2,5,s,15,-0.03900003433227539
Cora,0.2,5,s,20,-0.012000024318695068
Cora,0.2,5,s,30,-0.09200000762939453
Cora,0.2,5,s,50,-0.06499999761581421
Cora,0.2,5,s,75,-0.08900004625320435
Cora,0.2,5,s,100,-0.06000000238418579
Cora,0.2,5,d,2,-0.07400000095367432
Cora,0.2,5,d,5,-0.20000004768371582
Cora,0.2,5,d,10,-0.645000047981739
Cora,0.2,5,d,15,-0.645000047981739
Cora,0.2,5,d,20,-0.645000047981739
Cora,0.2,5,d,30,-0.645000047981739
Cora,0.2,5,d,50,-0.645000047981739
Cora,0.2,5,d,75,-0.645000047981739
Cora,0.2,5,d,100,-0.645000047981739
Cora,0.2,5,p,2,0.027000010013580322
Cora,0.2,5,p,5,-0.11599999666213989
Cora,0.2,5,p,10,-0.5860000476241112
Cora,0.2,5,p,15,-0.645000047981739
Cora,0.2,5,p,20,-0.645000047981739
Cora,0.2,5,p,30,-0.645000047981739
Cora,0.2,5,p,50,-0.645000047981739
Cora,0.2,5,p,75,-0.645000047981739
Cora,0.2,5,p,100,-0.645000047981739
Cora,0.2,5,u,0,-0.026000022888183594
Cora,0.2,6,s,2,0.013999998569488525
Cora,0.2,6,s,5,0.026000022888183594
Cora,0.2,6,s,10,0.009999990463256836
Cora,0.2,6,s,15,0.026000022888183594
Cora,0.2,6,s,20,-0.004999995231628418
Cora,0.2,6,s,30,0.012000024318695068
Cora,0.2,6,s,50,-0.030000030994415283
Cora,0.2,6,s,75,-0.001999974250793457
Cora,0.2,6,s,100,-0.06999999284744263
Cora,0.2,6,d,2,-0.03700000047683716
Cora,0.2,6,d,5,-0.13300001621246338
Cora,0.2,6,d,10,-0.2750000059604645
Cora,0.2,6,d,15,-0.3750000298023224
Cora,0.2,6,d,20,-0.5330000221729279
Cora,0.2,6,d,30,-0.5950000286102295
Cora,0.2,6,d,50,-0.687000036239624
Cora,0.2,6,d,75,-0.687000036239624
Cora,0.2,6,d,100,-0.687000036239624
Cora,0.2,6,p,2,0.046000003814697266
Cora,0.2,6,p,5,-0.08399999141693115
Cora,0.2,6,p,10,-0.4220000207424164
Cora,0.2,6,p,15,-0.3750000298023224
Cora,0.2,6,p,20,-0.5950000286102295
Cora,0.2,6,p,30,-0.687000036239624
Cora,0.2,6,p,50,-0.687000036239624
Cora,0.2,6,p,75,-0.687000036239624
Cora,0.2,6,p,100,-0.687000036239624
Cora,0.2,6,u,0,0.001999974250793457
Cora,0.2,7,s,2,0.017000019550323486
Cora,0.2,7,s,5,0.04200005531311035
Cora,0.2,7,s,10,0.017000019550323486
Cora,0.2,7,s,15,0.03900003433227539
Cora,0.2,7,s,20,0.0
Cora,0.2,7,s,30,-0.039999961853027344
Cora,0.2,7,s,50,-0.02499997615814209
Cora,0.2,7,s,75,-0.04999995231628418
Cora,0.2,7,s,100,-0.035999953746795654
Cora,0.2,7,d,2,0.0040000081062316895
Cora,0.2,7,d,5,-0.08799999952316284
Cora,0.2,7,d,10,-0.3789999783039093
Cora,0.2,7,d,15,-0.4009999930858612
Cora,0.2,7,d,20,-0.41999998688697815
Cora,0.2,7,d,30,-0.42100000381469727
Cora,0.2,7,d,50,-0.42100000381469727
Cora,0.2,7,d,75,-0.42100000381469727
Cora,0.2,7,d,100,-0.42100000381469727
Cora,0.2,7,p,2,0.0020000338554382324
Cora,0.2,7,p,5,-0.07999998331069946
Cora,0.2,7,p,10,-0.34599998593330383
Cora,0.2,7,p,15,-0.4050000011920929
Cora,0.2,7,p,20,-0.42100000381469727
Cora,0.2,7,p,30,-0.42100000381469727
Cora,0.2,7,p,50,-0.42100000381469727
Cora,0.2,7,p,75,-0.42100000381469727
Cora,0.2,7,p,100,-0.42100000381469727
Cora,0.2,7,u,0,0.027000010013580322
Cora,0.2,8,s,2,0.024000048637390137
Cora,0.2,8,s,5,0.017000019550323486
Cora,0.2,8,s,10,0.0820000171661377
Cora,0.2,8,s,15,-0.02899998426437378
Cora,0.2,8,s,20,-0.05399996042251587
Cora,0.2,8,s,30,0.04700005054473877
Cora,0.2,8,s,50,0.008000016212463379
Cora,0.2,8,s,75,0.008000016212463379
Cora,0.2,8,s,100,-0.02799999713897705
Cora,0.2,8,d,2,-0.06099998950958252
Cora,0.2,8,d,5,-0.36399999260902405
Cora,0.2,8,d,10,-0.5659999996423721
Cora,0.2,8,d,15,-0.5659999996423721
Cora,0.2,8,d,20,-0.5659999996423721
Cora,0.2,8,d,30,-0.5659999996423721
Cora,0.2,8,d,50,-0.5659999996423721
Cora,0.2,8,d,75,-0.5659999996423721
Cora,0.2,8,d,100,-0.5659999996423721
Cora,0.2,8,p,2,-0.10600000619888306
Cora,0.2,8,p,5,-0.375
Cora,0.2,8,p,10,-0.5659999996423721
Cora,0.2,8,p,15,-0.5659999996423721
Cora,0.2,8,p,20,-0.5659999996423721
Cora,0.2,8,p,30,-0.5659999996423721
Cora,0.2,8,p,50,-0.5659999996423721
Cora,0.2,8,p,75,-0.5659999996423721
Cora,0.2,8,p,100,-0.5659999996423721
Cora,0.2,8,u,0,0.04400002956390381
Cora,0.2,9,s,2,0.042999982833862305
Cora,0.2,9,s,5,0.04500001668930054
Cora,0.2,9,s,10,0.04000002145767212
Cora,0.2,9,s,15,0.018999993801116943
Cora,0.2,9,s,20,0.014999985694885254
Cora,0.2,9,s,30,0.009000003337860107
Cora,0.2,9,s,50,0.04000002145767212
Cora,0.2,9,s,75,0.03600001335144043
Cora,0.2,9,s,100,-0.017000019550323486
Cora,0.2,9,d,2,0.06700003147125244
Cora,0.2,9,d,5,0.04799997806549072
Cora,0.2,9,d,10,-0.12400001287460327
Cora,0.2,9,d,15,-0.04100000858306885
Cora,0.2,9,d,20,-0.33799999952316284
Cora,0.2,9,d,30,-0.48900002241134644
Cora,0.2,9,d,50,-0.492000013589859
Cora,0.2,9,d,75,-0.6600000262260437
Cora,0.2,9,d,100,-0.6600000262260437
Cora,0.2,9,p,2,0.06599998474121094
Cora,0.2,9,p,5,0.04000002145767212
Cora,0.2,9,p,10,0.018999993801116943
Cora,0.2,9,p,15,-0.18799999356269836
Cora,0.2,9,p,20,-0.17399999499320984
Cora,0.2,9,p,30,-0.6600000262260437
Cora,0.2,9,p,50,-0.6600000262260437
Cora,0.2,9,p,75,-0.6600000262260437
Cora,0.2,9,p,100,-0.6600000262260437
Cora,0.2,9,u,0,0.07700002193450928
Cora,0.3,0,s,2,0.14300000667572021
Cora,0.3,0,s,5,0.15900003910064697
Cora,0.3,0,s,10,0.14000004529953003
Cora,0.3,0,s,15,-0.009000003337860107
Cora,0.3,0,s,20,0.033000051975250244
Cora,0.3,0,s,30,0.0
Cora,0.3,0,s,50,0.03700000047683716
Cora,0.3,0,s,75,0.09600001573562622
Cora,0.3,0,s,100,-0.019999980926513672
Cora,0.3,0,d,2,-0.012999951839447021
Cora,0.3,0,d,5,-0.04499995708465576
Cora,0.3,0,d,10,-0.210999995470047
Cora,0.3,0,d,15,-0.3269999921321869
Cora,0.3,0,d,20,-0.44599999487400055
Cora,0.3,0,d,30,-0.460999995470047
Cora,0.3,0,d,50,-0.5740000009536743
Cora,0.3,0,d,75,-0.5740000009536743
Cora,0.3,0,d,100,-0.4259999990463257
Cora,0.3,0,p,2,-0.02799999713897705
Cora,0.3,0,p,5,-0.1199999749660492
Cora,0.3,0,p,10,-0.23199999332427979
Cora,0.3,0,p,15,-0.47099999338388443
Cora,0.3,0,p,20,-0.4909999966621399
Cora,0.3,0,p,30,-0.460999995470047
Cora,0.3,0,p,50,-0.5740000009536743
Cora,0.3,0,p,75,-0.5740000009536743
Cora,0.3,0,p,100,-0.5740000009536743
Cora,0.3,0,u,0,0.1640000343322754
Cora,0.3,1,s,2,0.0350000262260437
Cora,0.3,1,s,5,0.008000016212463379
Cora,0.3,1,s,10,0.00700002908706665
Cora,0.3,1,s,15,0.021000027656555176
Cora,0.3,1,s,20,0.04400002956390381
Cora,0.3,1,s,30,0.0350000262260437
Cora,0.3,1,s,50,0.004999995231628418
Cora,0.3,1,s,75,-0.019999980926513672
Cora,0.3,1,s,100,-0.009999990463256836
Cora,0.3,1,d,2,-0.03299999237060547
Cora,0.3,1,d,5,-0.03299999237060547
Cora,0.3,1,d,10,-0.19199997186660767
Cora,0.3,1,d,15,-0.1369999647140503
Cora,0.3,1,d,20,-0.35199999809265137
Cora,0.3,1,d,30,-0.5840000137686729
Cora,0.3,1,d,50,-0.5630000084638596
Cora,0.3,1,d,75,-0.6930000185966492
Cora,0.3,1,d,100,-0.6930000185966492
Cora,0.3,1,p,2,-0.046999990940093994
Cora,0.3,1,p,5,-0.02899998426437378
Cora,0.3,1,p,10,-0.24700000882148743
Cora,0.3,1,p,15,-0.1850000023841858
Cora,0.3,1,p,20,-0.5350000113248825
Cora,0.3,1,p,30,-0.6930000185966492
Cora,0.3,1,p,50,-0.6930000185966492
Cora,0.3,1,p,75,-0.5630000084638596
Cora,0.3,1,p,100,-0.5630000084638596
Cora,0.3,1,u,0,0.009999990463256836
Cora,0.3,2,s,2,0.09600001573562622
Cora,0.3,2,s,5,0.041999995708465576
Cora,0.3,2,s,10,0.09900003671646118
Cora,0.3,2,s,15,0.08399999141693115
Cora,0.3,2,s,20,0.08300000429153442
Cora,0.3,2,s,30,0.07999998331069946
Cora,0.3,2,s,50,0.04400002956390381
Cora,0.3,2,s,75,0.06999999284744263
Cora,0.3,2,s,100,0.041999995708465576
Cora,0.3,2,d,2,0.050999999046325684
Cora,0.3,2,d,5,0.0040000081062316895
Cora,0.3,2,d,10,-0.310000017285347
Cora,0.3,2,d,15,-0.2760000079870224
Cora,0.3,2,d,20,-0.3540000170469284
Cora,0.3,2,d,30,-0.3540000170469284
Cora,0.3,2,d,50,-0.3540000170469284
Cora,0.3,2,d,75,-0.3540000170469284
Cora,0.3,2,d,100,-0.3540000170469284
Cora,0.3,2,p,2,0.09900003671646118
Cora,0.3,2,p,5,0.017000019550323486
Cora,0.3,2,p,10,-0.07699999213218689
Cora,0.3,2,p,15,-0.271000012755394
Cora,0.3,2,p,20,-0.3540000170469284
Cora,0.3,2,p,30,-0.3540000170469284
Cora,0.3,2,p,50,-0.3540000170469284
Cora,0.3,2,p,75,-0.3540000170469284
Cora,0.3,2,p,100,-0.3540000170469284
Cora,0.3,2,u,0,0.08899998664855957
Cora,0.3,3,s,2,0.05899995565414429
Cora,0.3,3,s,5,-0.013999998569488525
Cora,0.3,3,s,10,-0.017000019550323486
Cora,0.3,3,s,15,0.02799999713897705
Cora,0.3,3,s,20,-0.09000003337860107
Cora,0.3,3,s,30,0.0059999823570251465
Cora,0.3,3,s,50,-0.10000002384185791
Cora,0.3,3,s,75,-0.0350000262260437
Cora,0.3,3,s,100,-0.07400000095367432
Cora,0.3,3,d,2,0.05899995565414429
Cora,0.3,3,d,5,-0.09800004959106445
Cora,0.3,3,d,10,-0.2980000376701355
Cora,0.3,3,d,15,-0.2330000400543213
Cora,0.3,3,d,20,-0.47700004279613495
Cora,0.3,3,d,30,-0.47700004279613495
Cora,0.3,3,d,50,-0.47700004279613495
Cora,0.3,3,d,75,-0.6070000529289246
Cora,0.3,3,d,100,-0.6070000529289246
Cora,0.3,3,p,2,0.07499998807907104
Cora,0.3,3,p,5,0.05399996042251587
Cora,0.3,3,p,10,-0.1300000250339508
Cora,0.3,3,p,15,-0.284000039100647
Cora,0.3,3,p,20,-0.6070000529289246
Cora,0.3,3,p,30,-0.47700004279613495
Cora,0.3,3,p,50,-0.6070000529289246
Cora,0.3,3,p,75,-0.6070000529289246
Cora,0.3,3,p,100,-0.6070000529289246
Cora,0.3,3,u,0,0.04499995708465576
Cora,0.3,4,s,2,0.09600001573562622
Cora,0.3,4,s,5,0.012000024318695068
Cora,0.3,4,s,10,0.021000027656555176
Cora,0.3,4,s,15,0.0040000081062316895
Cora,0.3,4,s,20,0.012000024318695068
Cora,0.3,4,s,30,-0.09299999475479126
Cora,0.3,4,s,50,-0.08599996566772461
Cora,0.3,4,s,75,-0.07899999618530273
Cora,0.3,4,s,100,-0.04499995708465576
Cora,0.3,4,d,2,0.017000019550323486
Cora,0.3,4,d,5,-0.16999998688697815
Cora,0.3,4,d,10,-0.4189999997615814
Cora,0.3,4,d,15,-0.47600000351667404
Cora,0.3,4,d,20,-0.4830000102519989
Cora,0.3,4,d,30,-0.4880000054836273
Cora,0.3,4,d,50,-0.48900000751018524
Cora,0.3,4,d,75,-0.48700001090765
Cora,0.3,4,d,100,-0.48700001090765
Cora,0.3,4,p,2,0.018000006675720215
Cora,0.3,4,p,5,-0.14399999380111694
Cora,0.3,4,p,10,-0.4440000057220459
Cora,0.3,4,p,15,-0.5220000073313713
Cora,0.3,4,p,20,-0.47300000488758087
Cora,0.3,4,p,30,-0.48700001090765
Cora,0.3,4,p,50,-0.48700001090765
Cora,0.3,4,p,75,-0.48700001090765
Cora,0.3,4,p,100,-0.48700001090765
Cora,0.3,4,u,0,-0.0040000081062316895
Cora,0.3,5,s,2,0.0009999871253967285
Cora,0.3,5,s,5,0.009999990463256836
Cora,0.3,5,s,10,0.0480000376701355
Cora,0.3,5,s,15,0.0009999871253967285
Cora,0.3,5,s,20,-0.022000014781951904
Cora,0.3,5,s,30,-0.0209999680519104
Cora,0.3,5,s,50,-0.029999971389770508
Cora,0.3,5,s,75,-0.0820000171661377
Cora,0.3,5,s,100,-0.0559999942779541
Cora,0.3,5,d,2,-0.16099998354911804
Cora,0.3,5,d,5,-0.2019999921321869
Cora,0.3,5,d,10,-0.5650000125169754
Cora,0.3,5,d,15,-0.4750000089406967
Cora,0.3,5,d,20,-0.5650000125169754
Cora,0.3,5,d,30,-0.5650000125169754
Cora,0.3,5,d,50,-0.5650000125169754
Cora,0.3,5,d,75,-0.5650000125169754
Cora,0.3,5,d,100,-0.5650000125169754
Cora,0.3,5,p,2,-0.04799997806549072
Cora,0.3,5,p,5,-0.18599998950958252
Cora,0.3,5,p,10,-0.5250000059604645
Cora,0.3,5,p,15,-0.5650000125169754
Cora,0.3,5,p,20,-0.5920000150799751
Cora,0.3,5,p,30,-0.5650000125169754
Cora,0.3,5,p,50,-0.5650000125169754
Cora,0.3,5,p,75,-0.5650000125169754
Cora,0.3,5,p,100,-0.5650000125169754
Cora,0.3,5,u,0,0.00700002908706665
Cora,0.3,6,s,2,0.024000048637390137
Cora,0.3,6,s,5,-0.08699995279312134
Cora,0.3,6,s,10,0.058000028133392334
Cora,0.3,6,s,15,0.025000035762786865
Cora,0.3,6,s,20,-0.03700000047683716
Cora,0.3,6,s,30,-0.010999977588653564
Cora,0.3,6,s,50,-0.026999950408935547
Cora,0.3,6,s,75,-0.07899999618530273
Cora,0.3,6,s,100,0.025000035762786865
Cora,0.3,6,d,2,-0.01699995994567871
Cora,0.3,6,d,5,-0.19199997186660767
Cora,0.3,6,d,10,-0.3619999885559082
Cora,0.3,6,d,15,-0.4619999974966049
Cora,0.3,6,d,20,-0.4619999974966049
Cora,0.3,6,d,30,-0.4619999974966049
Cora,0.3,6,d,50,-0.4619999974966049
Cora,0.3,6,d,75,-0.4619999974966049
Cora,0.3,6,d,100,-0.4619999974966049
Cora,0.3,6,p,2,-0.08199995756149292
Cora,0.3,6,p,5,-0.11499997973442078
Cora,0.3,6,p,10,-0.4619999974966049
Cora,0.3,6,p,15,-0.4619999974966049
Cora,0.3,6,p,20,-0.4619999974966049
Cora,0.3,6,p,30,-0.4619999974966049
Cora,0.3,6,p,50,-0.4619999974966049
Cora,0.3,6,p,75,-0.4619999974966049
Cora,0.3,6,p,100,-0.4619999974966049
Cora,0.3,6,u,0,0.11600005626678467
Cora,0.3,7,s,2,0.00700002908706665
Cora,0.3,7,s,5,-0.008000016212463379
Cora,0.3,7,s,10,-0.046999990940093994
Cora,0.3,7,s,15,-0.02599996328353882
Cora,0.3,7,s,20,0.003000020980834961
Cora,0.3,7,s,30,-0.011999964714050293
Cora,0.3,7,s,50,-0.05399996042251587
Cora,0.3,7,s,75,-0.07199996709823608
Cora,0.3,7,s,100,-0.08700001239776611
Cora,0.3,7,d,2,-0.0559999942779541
Cora,0.3,7,d,5,-0.09499996900558472
Cora,0.3,7,d,10,-0.3779999911785126
Cora,0.3,7,d,15,-0.3970000147819519
Cora,0.3,7,d,20,-0.3959999978542328
Cora,0.3,7,d,30,-0.3970000147819519
Cora,0.3,7,d,50,-0.3970000147819519
Cora,0.3,7,d,75,-0.3970000147819519
Cora,0.3,7,d,100,-0.3970000147819519
Cora,0.3,7,p,2,0.016000032424926758
Cora,0.3,7,p,5,-0.07400000095367432
Cora,0.3,7,p,10,-0.37400001287460327
Cora,0.3,7,p,15,-0.3970000147819519
Cora,0.3,7,p,20,-0.3970000147819519
Cora,0.3,7,p,30,-0.3970000147819519
Cora,0.3,7,p,50,-0.3970000147819519
Cora,0.3,7,p,75,-0.3970000147819519
Cora,0.3,7,p,100,-0.3970000147819519
Cora,0.3,7,u,0,0.018000006675720215
Cora,0.3,8,s,2,-0.05100002884864807
Cora,0.3,8,s,5,-0.03600001335144043
Cora,0.3,8,s,10,0.038999974727630615
Cora,0.3,8,s,15,-0.07000002264976501
Cora,0.3,8,s,20,-0.027000010013580322
Cora,0.3,8,s,30,-0.018000006675720215
Cora,0.3,8,s,50,0.0009999871253967285
Cora,0.3,8,s,75,-0.10500001907348633
Cora,0.3,8,s,100,-0.01100003719329834
Cora,0.3,8,d,2,-0.029000043869018555
Cora,0.3,8,d,5,-0.27800002694129944
Cora,0.3,8,d,10,-0.45600004494190216
Cora,0.3,8,d,15,-0.45600004494190216
Cora,0.3,8,d,20,-0.45600004494190216
Cora,0.3,8,d,30,-0.45600004494190216
Cora,0.3,8,d,50,-0.45600004494190216
Cora,0.3,8,d,75,-0.45600004494190216
Cora,0.3,8,d,100,-0.45600004494190216
Cora,0.3,8,p,2,-0.06700003147125244
Cora,0.3,8,p,5,-0.26100003719329834
Cora,0.3,8,p,10,-0.45600004494190216
Cora,0.3,8,p,15,-0.45600004494190216
Cora,0.3,8,p,20,-0.45600004494190216
Cora,0.3,8,p,30,-0.45600004494190216
Cora,0.3,8,p,50,-0.45600004494190216
Cora,0.3,8,p,75,-0.45600004494190216
Cora,0.3,8,p,100,-0.45600004494190216
Cora,0.3,8,u,0,-0.046000003814697266
Cora,0.3,9,s,2,0.08600002527236938
Cora,0.3,9,s,5,0.1029999852180481
Cora,0.3,9,s,10,0.08700001239776611
Cora,0.3,9,s,15,0.08499997854232788
Cora,0.3,9,s,20,0.0040000081062316895
Cora,0.3,9,s,30,0.0059999823570251465
Cora,0.3,9,s,50,0.06199997663497925
Cora,0.3,9,s,75,0.02499997615814209
Cora,0.3,9,s,100,0.04799997806549072
Cora,0.3,9,d,2,0.08399999141693115
Cora,0.3,9,d,5,0.08300000429153442
Cora,0.3,9,d,10,-0.23500001430511475
Cora,0.3,9,d,15,-0.28700000047683716
Cora,0.3,9,d,20,-0.27900001406669617
Cora,0.3,9,d,30,-0.3490000069141388
Cora,0.3,9,d,50,-0.4180000126361847
Cora,0.3,9,d,75,-0.5860000252723694
Cora,0.3,9,d,100,-0.5860000252723694
Cora,0.3,9,p,2,0.11400002241134644
Cora,0.3,9,p,5,0.04400002956390381
Cora,0.3,9,p,10,-0.12999999523162842
Cora,0.3,9,p,15,-0.28700000047683716
Cora,0.3,9,p,20,-0.4150000214576721
Cora,0.3,9,p,30,-0.5860000252723694
Cora,0.3,9,p,50,-0.5860000252723694
Cora,0.3,9,p,75,-0.5860000252723694
Cora,0.3,9,p,100,-0.5860000252723694
Cora,0.3,9,u,0,0.08799999952316284
Cora,0.4,0,s,2,0.13100001215934753
Cora,0.4,0,s,5,0.11500003933906555
Cora,0.4,0,s,10,0.10600003600120544
Cora,0.4,0,s,15,0.12000003457069397
Cora,0.4,0,s,20,0.05700001120567322
Cora,0.4,0,s,30,0.07000002264976501
Cora,0.4,0,s,50,0.05300000309944153
Cora,0.4,0,s,75,0.02000001072883606
Cora,0.4,0,s,100,0.03200000524520874
Cora,0.4,0,d,2,0.23899999260902405
Cora,0.4,0,d,5,-0.0020000040531158447
Cora,0.4,0,d,10,-0.34200000762939453
Cora,0.4,0,d,15,-0.34200000762939453
Cora,0.4,0,d,20,-0.34200000762939453
Cora,0.4,0,d,30,-0.34200000762939453
Cora,0.4,0,d,50,-0.34200000762939453
Cora,0.4,0,d,75,-0.34200000762939453
Cora,0.4,0,d,100,-0.34200000762939453
Cora,0.4,0,p,2,0.15000000596046448
Cora,0.4,0,p,5,-0.07100000977516174
Cora,0.4,0,p,10,-0.34200000762939453
Cora,0.4,0,p,15,-0.34200000762939453
Cora,0.4,0,p,20,-0.34200000762939453
Cora,0.4,0,p,30,-0.34200000762939453
Cora,0.4,0,p,50,-0.34200000762939453
Cora,0.4,0,p,75,-0.34200000762939453
Cora,0.4,0,p,100,-0.34200000762939453
Cora,0.4,0,u,0,0.23200002312660217
Cora,0.4,1,s,2,0.13999998569488525
Cora,0.4,1,s,5,0.05900001525878906
Cora,0.4,1,s,10,0.10600000619888306
Cora,0.4,1,s,15,0.05799996852874756
Cora,0.4,1,s,20,0.038999974727630615
Cora,0.4,1,s,30,0.06800001859664917
Cora,0.4,1,s,50,0.04000002145767212
Cora,0.4,1,s,75,0.0009999871253967285
Cora,0.4,1,s,100,0.03799998760223389
Cora,0.4,1,d,2,0.04100000858306885
Cora,0.4,1,d,5,-0.06999999284744263
Cora,0.4,1,d,10,-0.2500000298023224
Cora,0.4,1,d,15,-0.4870000258088112
Cora,0.4,1,d,20,-0.4870000258088112
Cora,0.4,1,d,30,-0.4870000258088112
Cora,0.4,1,d,50,-0.4870000258088112
Cora,0.4,1,d,75,-0.4870000258088112
Cora,0.4,1,d,100,-0.4870000258088112
Cora,0.4,1,p,2,-0.042999982833862305
Cora,0.4,1,p,5,-0.06099998950958252
Cora,0.4,1,p,10,-0.2970000207424164
Cora,0.4,1,p,15,-0.4870000258088112
Cora,0.4,1,p,20,-0.5900000333786011
Cora,0.4,1,p,30,-0.4870000258088112
Cora,0.4,1,p,50,-0.5900000333786011
Cora,0.4,1,p,75,-0.4870000258088112
Cora,0.4,1,p,100,-0.4870000258088112
Cora,0.4,1,u,0,0.06999999284744263
Cora,0.4,2,s,2,0.08100003004074097
Cora,0.4,2,s,5,0.14500004053115845
Cora,0.4,2,s,10,0.06499999761581421
Cora,0.4,2,s,15,0.0910000205039978
Cora,0.4,2,s,20,0.04300004243850708
Cora,0.4,2,s,30,0.006000012159347534
Cora,0.4,2,s,50,0.02399998903274536
Cora,0.4,2,s,75,-0.0009999871253967285
Cora,0.4,2,s,100,0.023000001907348633
Cora,0.4,2,d,2,0.0350000262260437
Cora,0.4,2,d,5,0.026000022888183594
Cora,0.4,2,d,10,-0.30400000512599945
Cora,0.4,2,d,15,-0.3270000070333481
Cora,0.4,2,d,20,-0.3270000070333481
Cora,0.4,2,d,30,-0.3270000070333481
Cora,0.4,2,d,50,-0.3270000070333481
Cora,0.4,2,d,75,-0.3270000070333481
Cora,0.4,2,d,100,-0.3270000070333481
Cora,0.4,2,p,2,0.08899998664855957
Cora,0.4,2,p,5,0.03900003433227539
Cora,0.4,2,p,10,-0.3020000010728836
Cora,0.4,2,p,15,-0.3270000070333481
Cora,0.4,2,p,20,-0.3270000070333481
Cora,0.4,2,p,30,-0.3270000070333481
Cora,0.4,2,p,50,-0.3270000070333481
Cora,0.4,2,p,75,-0.3270000070333481
Cora,0.4,2,p,100,-0.3270000070333481
Cora,0.4,2,u,0,0.050000011920928955
Cora,0.4,3,s,2,0.06099998950958252
Cora,0.4,3,s,5,-0.06199997663497925
Cora,0.4,3,s,10,0.046000003814697266
Cora,0.4,3,s,15,0.06599998474121094
Cora,0.4,3,s,20,-0.050999999046325684
Cora,0.4,3,s,30,0.008000016212463379
Cora,0.4,3,s,50,0.0020000338554382324
Cora,0.4,3,s,75,-0.014999985694885254
Cora,0.4,3,s,100,-0.04900002479553223
Cora,0.4,3,d,2,0.08100003004074097
Cora,0.4,3,d,5,-0.06699997186660767
Cora,0.4,3,d,10,-0.43400001525878906
Cora,0.4,3,d,15,-0.3830000162124634
Cora,0.4,3,d,20,-0.48600001633167267
Cora,0.4,3,d,30,-0.48600001633167267
Cora,0.4,3,d,50,-0.48600001633167267
Cora,0.4,3,d,75,-0.48600001633167267
Cora,0.4,3,d,100,-0.48600001633167267
Cora,0.4,3,p,2,-0.03799998760223389
Cora,0.4,3,p,5,-0.171999990940094
Cora,0.4,3,p,10,-0.35500000417232513
Cora,0.4,3,p,15,-0.48600001633167267
Cora,0.4,3,p,20,-0.48600001633167267
Cora,0.4,3,p,30,-0.48600001633167267
Cora,0.4,3,p,50,-0.48600001633167267
Cora,0.4,3,p,75,-0.48600001633167267
Cora,0.4,3,p,100,-0.48600001633167267
Cora,0.4,3,u,0,0.03700000047683716
Cora,0.4,4,s,2,0.03799998760223389
Cora,0.4,4,s,5,0.0989999771118164
Cora,0.4,4,s,10,0.08699995279312134
Cora,0.4,4,s,15,-0.0480000376701355
Cora,0.4,4,s,20,0.029999971389770508
Cora,0.4,4,s,30,0.006999969482421875
Cora,0.4,4,s,50,-0.029000043869018555
Cora,0.4,4,s,75,-0.024000048637390137
Cora,0.4,4,s,100,-0.006000041961669922
Cora,0.4,4,d,2,0.035999953746795654
Cora,0.4,4,d,5,-0.1990000307559967
Cora,0.4,4,d,10,-0.43800004571676254
Cora,0.4,4,d,15,-0.43900004029273987
Cora,0.4,4,d,20,-0.43800004571676254
Cora,0.4,4,d,30,-0.43800004571676254
Cora,0.4,4,d,50,-0.43800004571676254
Cora,0.4,4,d,75,-0.43800004571676254
Cora,0.4,4,d,100,-0.43800004571676254
Cora,0.4,4,p,2,0.0559999942779541
Cora,0.4,4,p,5,-0.36500003933906555
Cora,0.4,4,p,10,-0.4370000436902046
Cora,0.4,4,p,15,-0.43900004029273987
Cora,0.4,4,p,20,-0.43900004029273987
Cora,0.4,4,p,30,-0.43800004571676254
Cora,0.4,4,p,50,-0.43800004571676254
Cora,0.4,4,p,75,-0.43800004571676254
Cora,0.4,4,p,100,-0.43800004571676254
Cora,0.4,4,u,0,-0.010000050067901611
Cora,0.4,5,s,2,0.009000003337860107
Cora,0.4,5,s,5,0.018999993801116943
Cora,0.4,5,s,10,0.018999993801116943
Cora,0.4,5,s,15,0.016000032424926758
Cora,0.4,5,s,20,0.019999980926513672
Cora,0.4,5,s,30,-0.0009999871253967285
Cora,0.4,5,s,50,-0.06400001049041748
Cora,0.4,5,s,75,-0.05900001525878906
Cora,0.4,5,s,100,-0.078000009059906
Cora,0.4,5,d,2,0.0009999871253967285
Cora,0.4,5,d,5,-0.33900001645088196
Cora,0.4,5,d,10,-0.5460000187158585
Cora,0.4,5,d,15,-0.5460000187158585
Cora,0.4,5,d,20,-0.5460000187158585
Cora,0.4,5,d,30,-0.5460000187158585
Cora,0.4,5,d,50,-0.5460000187158585
Cora,0.4,5,d,75,-0.5460000187158585
Cora,0.4,5,d,100,-0.5460000187158585
Cora,0.4,5,p,2,0.050000011920928955
Cora,0.4,5,p,5,-0.3230000138282776
Cora,0.4,5,p,10,-0.5460000187158585
Cora,0.4,5,p,15,-0.5460000187158585
Cora,0.4,5,p,20,-0.5460000187158585
Cora,0.4,5,p,30,-0.5460000187158585
Cora,0.4,5,p,50,-0.5460000187158585
Cora,0.4,5,p,75,-0.5460000187158585
Cora,0.4,5,p,100,-0.5460000187158585
Cora,0.4,5,u,0,0.04100000858306885
Cora,0.4,6,s,2,-0.035999953746795654
Cora,0.4,6,s,5,-0.03700000047683716
Cora,0.4,6,s,10,-0.08099997043609619
Cora,0.4,6,s,15,-0.03700000047683716
Cora,0.4,6,s,20,0.03400003910064697
Cora,0.4,6,s,30,0.0820000171661377
Cora,0.4,6,s,50,0.0700000524520874
Cora,0.4,6,s,75,0.054000020027160645
Cora,0.4,6,s,100,0.09200000762939453
Cora,0.4,6,d,2,-0.03700000047683716
Cora,0.4,6,d,5,-0.3739999979734421
Cora,0.4,6,d,10,-0.5179999992251396
Cora,0.4,6,d,15,-0.5170000046491623
Cora,0.4,6,d,20,-0.5190000012516975
Cora,0.4,6,d,30,-0.5190000012516975
Cora,0.4,6,d,50,-0.5190000012516975
Cora,0.4,6,d,75,-0.5190000012516975
Cora,0.4,6,d,100,-0.5190000012516975
Cora,0.4,6,p,2,-0.15299999713897705
Cora,0.4,6,p,5,-0.32600000500679016
Cora,0.4,6,p,10,-0.49000000208616257
Cora,0.4,6,p,15,-0.5200000032782555
Cora,0.4,6,p,20,-0.5190000012516975
Cora,0.4,6,p,30,-0.5190000012516975
Cora,0.4,6,p,50,-0.5179999992251396
Cora,0.4,6,p,75,-0.5190000012516975
Cora,0.4,6,p,100,-0.5190000012516975
Cora,0.4,6,u,0,-0.05500000715255737
Cora,0.4,7,s,2,0.06299996376037598
Cora,0.4,7,s,5,0.02399998903274536
Cora,0.4,7,s,10,0.038999974727630615
Cora,0.4,7,s,15,0.018999993801116943
Cora,0.4,7,s,20,-0.030000030994415283
Cora,0.4,7,s,30,-0.00700002908706665
Cora,0.4,7,s,50,-0.10500001907348633
Cora,0.4,7,s,75,-0.1300000250339508
Cora,0.4,7,s,100,-0.1470000147819519
Cora,0.4,7,d,2,0.0559999942779541
Cora,0.4,7,d,5,-0.21100002527236938
Cora,0.4,7,d,10,-0.4700000360608101
Cora,0.4,7,d,15,-0.03299999237060547
Cora,0.4,7,d,20,-0.40800003707408905
Cora,0.4,7,d,30,-0.49400003254413605
Cora,0.4,7,d,50,-0.5850000381469727
Cora,0.4,7,d,75,-0.5850000381469727
Cora,0.4,7,d,100,-0.5850000381469727
Cora,0.4,7,p,2,-0.0990000069141388
Cora,0.4,7,p,5,-0.21700000762939453
Cora,0.4,7,p,10,-0.0559999942779541
Cora,0.4,7,p,15,-0.2250000238418579
Cora,0.4,7,p,20,-0.49400003254413605
Cora,0.4,7,p,30,-0.5850000381469727
Cora,0.4,7,p,50,-0.5210000351071358
Cora,0.4,7,p,75,-0.5850000381469727
Cora,0.4,7,p,100,-0.5850000381469727
Cora,0.4,7,u,0,0.08300000429153442
Cora,0.4,8,s,2,0.009000003337860107
Cora,0.4,8,s,5,-0.0169999897480011
Cora,0.4,8,s,10,0.027000010013580322
Cora,0.4,8,s,15,-0.030000001192092896
Cora,0.4,8,s,20,-0.04999998211860657
Cora,0.4,8,s,30,-0.003999978303909302
Cora,0.4,8,s,50,0.11800003051757812
Cora,0.4,8,s,75,0.07200002670288086
Cora,0.4,8,s,100,0.06099998950958252
Cora,0.4,8,d,2,-0.0059999823570251465
Cora,0.4,8,d,5,-0.2639999985694885
Cora,0.4,8,d,10,-0.39400000870227814
Cora,0.4,8,d,15,-0.39400000870227814
Cora,0.4,8,d,20,-0.39400000870227814
Cora,0.4,8,d,30,-0.39400000870227814
Cora,0.4,8,d,50,-0.39400000870227814
Cora,0.4,8,d,75,-0.39400000870227814
Cora,0.4,8,d,100,-0.39400000870227814
Cora,0.4,8,p,2,-0.13199999928474426
Cora,0.4,8,p,5,-0.25699999928474426
Cora,0.4,8,p,10,-0.39400000870227814
Cora,0.4,8,p,15,-0.39400000870227814
Cora,0.4,8,p,20,-0.39400000870227814
Cora,0.4,8,p,30,-0.39400000870227814
Cora,0.4,8,p,50,-0.39400000870227814
Cora,0.4,8,p,75,-0.39400000870227814
Cora,0.4,8,p,100,-0.39400000870227814
Cora,0.4,8,u,0,-0.07199999690055847
Cora,0.4,9,s,2,0.033000051975250244
Cora,0.4,9,s,5,0.14500004053115845
Cora,0.4,9,s,10,0.15500003099441528
Cora,0.4,9,s,15,0.11800003051757812
Cora,0.4,9,s,20,0.09200000762939453
Cora,0.4,9,s,30,0.09200000762939453
Cora,0.4,9,s,50,0.09500002861022949
Cora,0.4,9,s,75,0.08900004625320435
Cora,0.4,9,s,100,-0.0059999823570251465
Cora,0.4,9,d,2,0.11000001430511475
Cora,0.4,9,d,5,-0.039999961853027344
Cora,0.4,9,d,10,-0.37299999594688416
Cora,0.4,9,d,15,-0.2939999848604202
Cora,0.4,9,d,20,-0.2759999930858612
Cora,0.4,9,d,30,-0.34299999475479126
Cora,0.4,9,d,50,-0.5139999985694885
Cora,0.4,9,d,75,-0.5139999985694885
Cora,0.4,9,d,100,-0.421999990940094
Cora,0.4,9,p,2,0.13100004196166992
Cora,0.4,9,p,5,0.020000040531158447
Cora,0.4,9,p,10,-0.25999999046325684
Cora,0.4,9,p,15,-0.24899998307228088
Cora,0.4,9,p,20,-0.4189999923110008
Cora,0.4,9,p,30,-0.5139999985694885
Cora,0.4,9,p,50,-0.5139999985694885
Cora,0.4,9,p,75,-0.421999990940094
Cora,0.4,9,p,100,-0.421999990940094
Cora,0.4,9,u,0,0.17200005054473877
Cora,0.5,0,s,2,0.12099999189376831
Cora,0.5,0,s,5,0.08599996566772461
Cora,0.5,0,s,10,0.2059999704360962
Cora,0.5,0,s,15,0.030999988317489624
Cora,0.5,0,s,20,0.11500000953674316
Cora,0.5,0,s,30,0.06999999284744263
Cora,0.5,0,s,50,0.04999998211860657
Cora,0.5,0,s,75,0.010999977588653564
Cora,0.5,0,s,100,0.020999997854232788
Cora,0.5,0,d,2,0.13899999856948853
Cora,0.5,0,d,5,-0.19100002944469452
Cora,0.5,0,d,10,-0.30100002884864807
Cora,0.5,0,d,15,-0.30100002884864807
Cora,0.5,0,d,20,-0.30100002884864807
Cora,0.5,0,d,30,-0.30100002884864807
Cora,0.5,0,d,50,-0.30100002884864807
Cora,0.5,0,d,75,-0.30100002884864807
Cora,0.5,0,d,100,-0.30100002884864807
Cora,0.5,0,p,2,0.12299996614456177
Cora,0.5,0,p,5,-0.1770000159740448
Cora,0.5,0,p,10,-0.30100002884864807
Cora,0.5,0,p,15,-0.30100002884864807
Cora,0.5,0,p,20,-0.30100002884864807
Cora,0.5,0,p,30,-0.30100002884864807
Cora,0.5,0,p,50,-0.30100002884864807
Cora,0.5,0,p,75,-0.30100002884864807
Cora,0.5,0,p,100,-0.30100002884864807
Cora,0.5,0,u,0,0.13099998235702515
Cora,0.5,1,s,2,0.08600002527236938
Cora,0.5,1,s,5,0.1260000467300415
Cora,0.5,1,s,10,0.11900001764297485
Cora,0.5,1,s,15,0.08900004625320435
Cora,0.5,1,s,20,0.018000006675720215
Cora,0.5,1,s,30,0.06000000238418579
Cora,0.5,1,s,50,0.054000020027160645
Cora,0.5,1,s,75,0.009000003337860107
Cora,0.5,1,s,100,0.06999999284744263
Cora,0.5,1,d,2,-0.025999993085861206
Cora,0.5,1,d,5,-0.019999980926513672
Cora,0.5,1,d,10,-0.4010000005364418
Cora,0.5,1,d,15,-0.4010000005364418
Cora,0.5,1,d,20,-0.4010000005364418
Cora,0.5,1,d,30,-0.4010000005364418
Cora,0.5,1,d,50,-0.4010000005364418
Cora,0.5,1,d,75,-0.4010000005364418
Cora,0.5,1,d,100,-0.4010000005364418
Cora,0.5,1,p,2,0.05500000715255737
Cora,0.5,1,p,5,-0.04799997806549072
Cora,0.5,1,p,10,-0.4010000005364418
Cora,0.5,1,p,15,-0.4010000005364418
Cora,0.5,1,p,20,-0.4010000005364418
Cora,0.5,1,p,30,-0.4010000005364418
Cora,0.5,1,p,50,-0.4010000005364418
Cora,0.5,1,p,75,-0.4010000005364418
Cora,0.5,1,p,100,-0.4010000005364418
Cora,0.5,1,u,0,0.12300002574920654
Cora,0.5,2,s,2,0.08700001239776611
Cora,0.5,2,s,5,0.10899999737739563
Cora,0.5,2,s,10,0.06499999761581421
Cora,0.5,2,s,15,0.08199998736381531
Cora,0.5,2,s,20,0.07100000977516174
Cora,0.5,2,s,30,0.06999999284744263
Cora,0.5,2,s,50,0.009000003337860107
Cora,0.5,2,s,75,0.03299999237060547
Cora,0.5,2,s,100,0.03600001335144043
Cora,0.5,2,d,2,0.0690000057220459
Cora,0.5,2,d,5,0.025999993085861206
Cora,0.5,2,d,10,-0.2770000100135803
Cora,0.5,2,d,15,-0.30500001460313797
Cora,0.5,2,d,20,-0.28300002217292786
Cora,0.5,2,d,30,-0.30500001460313797
Cora,0.5,2,d,50,-0.40800002217292786
Cora,0.5,2,d,75,-0.40800002217292786
Cora,0.5,2,d,100,-0.40800002217292786
Cora,0.5,2,p,2,0.12200000882148743
Cora,0.5,2,p,5,0.023000001907348633
Cora,0.5,2,p,10,0.020999997854232788
Cora,0.5,2,p,15,-0.27800001204013824
Cora,0.5,2,p,20,-0.40800002217292786
Cora,0.5,2,p,30,-0.40800002217292786
Cora,0.5,2,p,50,-0.40800002217292786
Cora,0.5,2,p,75,-0.40800002217292786
Cora,0.5,2,p,100,-0.40800002217292786
Cora,0.5,2,u,0,0.14000001549720764
Cora,0.5,3,s,2,0.0059999823570251465
Cora,0.5,3,s,5,0.0480000376701355
Cora,0.5,3,s,10,0.04900002479553223
Cora,0.5,3,s,15,0.05699998140335083
Cora,0.5,3,s,20,-0.013999998569488525
Cora,0.5,3,s,30,-0.08899998664855957
Cora,0.5,3,s,50,0.017000019550323486
Cora,0.5,3,s,75,-0.018000006675720215
Cora,0.5,3,s,100,-0.021999984979629517
Cora,0.5,3,d,2,0.10600000619888306
Cora,0.5,3,d,5,-0.12799999117851257
Cora,0.5,3,d,10,-0.29900000989437103
Cora,0.5,3,d,15,-0.20399999618530273
Cora,0.5,3,d,20,-0.3830000162124634
Cora,0.5,3,d,30,-0.41700001060962677
Cora,0.5,3,d,50,-0.41700001060962677
Cora,0.5,3,d,75,-0.41700001060962677
Cora,0.5,3,d,100,-0.41700001060962677
Cora,0.5,3,p,2,-0.03299999237060547
Cora,0.5,3,p,5,0.026000022888183594
Cora,0.5,3,p,10,-0.3800000101327896
Cora,0.5,3,p,15,-0.41700001060962677
Cora,0.5,3,p,20,-0.41700001060962677
Cora,0.5,3,p,30,-0.41700001060962677
Cora,0.5,3,p,50,-0.41700001060962677
Cora,0.5,3,p,75,-0.41700001060962677
Cora,0.5,3,p,100,-0.41700001060962677
Cora,0.5,3,u,0,-0.01299998164176941
Cora,0.5,4,s,2,0.07600003480911255
Cora,0.5,4,s,5,0.003000020980834961
Cora,0.5,4,s,10,-0.04099997878074646
Cora,0.5,4,s,15,0.06000000238418579
Cora,0.5,4,s,20,0.028000056743621826
Cora,0.5,4,s,30,-0.06499996781349182
Cora,0.5,4,s,50,-0.1119999885559082
Cora,0.5,4,s,75,-0.13399997353553772
Cora,0.5,4,s,100,-0.15199998021125793
Cora,0.5,4,d,2,-0.1419999897480011
Cora,0.5,4,d,5,-0.4139999970793724
Cora,0.5,4,d,10,-0.41499999165534973
Cora,0.5,4,d,15,-0.41499999165534973
Cora,0.5,4,d,20,-0.4139999970793724
Cora,0.5,4,d,30,-0.4139999970793724
Cora,0.5,4,d,50,-0.4139999970793724
Cora,0.5,4,d,75,-0.4139999970793724
Cora,0.5,4,d,100,-0.4139999970793724
Cora,0.5,4,p,2,-0.06899997591972351
Cora,0.5,4,p,5,-0.3579999953508377
Cora,0.5,4,p,10,-0.41499999165534973
Cora,0.5,4,p,15,-0.41499999165534973
Cora,0.5,4,p,20,-0.41499999165534973
Cora,0.5,4,p,30,-0.4139999970793724
Cora,0.5,4,p,50,-0.4139999970793724
Cora,0.5,4,p,75,-0.4139999970793724
Cora,0.5,4,p,100,-0.4139999970793724
Cora,0.5,4,u,0,0.10100001096725464
Cora,0.5,5,s,2,0.14399999380111694
Cora,0.5,5,s,5,0.08500003814697266
Cora,0.5,5,s,10,0.09500002861022949
Cora,0.5,5,s,15,0.0910000205039978
Cora,0.5,5,s,20,0.07300001382827759
Cora,0.5,5,s,30,0.06499999761581421
Cora,0.5,5,s,50,0.03900003433227539
Cora,0.5,5,s,75,-0.001999974250793457
Cora,0.5,5,s,100,-0.03199997544288635
Cora,0.5,5,d,2,0.03100001811981201
Cora,0.5,5,d,5,-0.3009999990463257
Cora,0.5,5,d,10,-0.4360000044107437
Cora,0.5,5,d,15,-0.4360000044107437
Cora,0.5,5,d,20,-0.4360000044107437
Cora,0.5,5,d,30,-0.4360000044107437
Cora,0.5,5,d,50,-0.4360000044107437
Cora,0.5,5,d,75,-0.4360000044107437
Cora,0.5,5,d,100,-0.4360000044107437
Cora,0.5,5,p,2,0.08500003814697266
Cora,0.5,5,p,5,-0.37800000607967377
Cora,0.5,5,p,10,-0.4360000044107437
Cora,0.5,5,p,15,-0.4360000044107437
Cora,0.5,5,p,20,-0.4360000044107437
Cora,0.5,5,p,30,-0.4360000044107437
Cora,0.5,5,p,50,-0.4360000044107437
Cora,0.5,5,p,75,-0.4360000044107437
Cora,0.5,5,p,100,-0.4360000044107437
Cora,0.5,5,u,0,0.12999999523162842
Cora,0.5,6,s,2,-0.07899999618530273
Cora,0.5,6,s,5,-0.10099998116493225
Cora,0.5,6,s,10,0.04500001668930054
Cora,0.5,6,s,15,0.0
Cora,0.5,6,s,20,0.009000003337860107
Cora,0.5,6,s,30,-0.03199997544288635
Cora,0.5,6,s,50,0.08399999141693115
Cora,0.5,6,s,75,0.058000028133392334
Cora,0.5,6,s,100,0.06099998950958252
Cora,0.5,6,d,2,-0.1029999852180481
Cora,0.5,6,d,5,-0.11899998784065247
Cora,0.5,6,d,10,-0.3270000070333481
Cora,0.5,6,d,15,-0.15799999237060547
Cora,0.5,6,d,20,-0.15700000524520874
Cora,0.5,6,d,30,-0.47600001096725464
Cora,0.5,6,d,50,-0.3270000070333481
Cora,0.5,6,d,75,-0.47600001096725464
Cora,0.5,6,d,100,-0.3270000070333481
Cora,0.5,6,p,2,-0.1119999885559082
Cora,0.5,6,p,5,-0.21000000834465027
Cora,0.5,6,p,10,-0.328000009059906
Cora,0.5,6,p,15,-0.3270000070333481
Cora,0.5,6,p,20,-0.47600001096725464
Cora,0.5,6,p,30,-0.47600001096725464
Cora,0.5,6,p,50,-0.3270000070333481
Cora,0.5,6,p,75,-0.3270000070333481
Cora,0.5,6,p,100,-0.3270000070333481
Cora,0.5,6,u,0,-0.09799998998641968
Cora,0.5,7,s,2,-0.09099999070167542
Cora,0.5,7,s,5,-0.030999958515167236
Cora,0.5,7,s,10,-0.08499997854232788
Cora,0.5,7,s,15,-0.08199998736381531
Cora,0.5,7,s,20,-0.06999996304512024
Cora,0.5,7,s,30,-0.02899998426437378
Cora,0.5,7,s,50,-0.14699998497962952
Cora,0.5,7,s,75,-0.14299997687339783
Cora,0.5,7,s,100,-0.1069999635219574
Cora,0.5,7,d,2,-0.16199997067451477
Cora,0.5,7,d,5,-0.008999943733215332
Cora,0.5,7,d,10,-0.16699999570846558
Cora,0.5,7,d,15,-0.23199999332427979
Cora,0.5,7,d,20,-0.23199999332427979
Cora,0.5,7,d,30,-0.23199999332427979
Cora,0.5,7,d,50,-0.23199999332427979
Cora,0.5,7,d,75,-0.23199999332427979
Cora,0.5,7,d,100,-0.23199999332427979
Cora,0.5,7,p,2,-0.0599999725818634
Cora,0.5,7,p,5,-0.1459999680519104
Cora,0.5,7,p,10,-0.23199999332427979
Cora,0.5,7,p,15,-0.23199999332427979
Cora,0.5,7,p,20,-0.23199999332427979
Cora,0.5,7,p,30,-0.23199999332427979
Cora,0.5,7,p,50,-0.23199999332427979
Cora,0.5,7,p,75,-0.23199999332427979
Cora,0.5,7,p,100,-0.23199999332427979
Cora,0.5,7,u,0,0.078000009059906
Cora,0.5,8,s,2,0.042999982833862305
Cora,0.5,8,s,5,0.01299998164176941
Cora,0.5,8,s,10,-0.010000020265579224
Cora,0.5,8,s,15,0.03700000047683716
Cora,0.5,8,s,20,0.018999993801116943
Cora,0.5,8,s,30,-0.005000025033950806
Cora,0.5,8,s,50,0.14500001072883606
Cora,0.5,8,s,75,0.10300001502037048
Cora,0.5,8,s,100,0.11700001358985901
Cora,0.5,8,d,2,-0.026000022888183594
Cora,0.5,8,d,5,-0.14900001883506775
Cora,0.5,8,d,10,-0.3070000261068344
Cora,0.5,8,d,15,-0.3070000261068344
Cora,0.5,8,d,20,-0.2890000268816948
Cora,0.5,8,d,30,-0.2890000268816948
Cora,0.5,8,d,50,-0.3030000254511833
Cora,0.5,8,d,75,-0.3070000261068344
Cora,0.5,8,d,100,-0.3070000261068344
Cora,0.5,8,p,2,-0.06000000238418579
Cora,0.5,8,p,5,-0.16100001335144043
Cora,0.5,8,p,10,-0.2670000195503235
Cora,0.5,8,p,15,-0.3070000261068344
Cora,0.5,8,p,20,-0.3070000261068344
Cora,0.5,8,p,30,-0.398000031709671
Cora,0.5,8,p,50,-0.3070000261068344
Cora,0.5,8,p,75,-0.398000031709671
Cora,0.5,8,p,100,-0.3070000261068344
Cora,0.5,8,u,0,0.030000001192092896
Cora,0.5,9,s,2,0.11000001430511475
Cora,0.5,9,s,5,0.0559999942779541
Cora,0.5,9,s,10,0.12300002574920654
Cora,0.5,9,s,15,0.06200003623962402
Cora,0.5,9,s,20,0.125
Cora,0.5,9,s,30,0.156000018119812
Cora,0.5,9,s,50,0.12999999523162842
Cora,0.5,9,s,75,0.10600000619888306
Cora,0.5,9,s,100,0.06300002336502075
Cora,0.5,9,d,2,0.053000032901763916
Cora,0.5,9,d,5,-0.12999999523162842
Cora,0.5,9,d,10,-0.37300000339746475
Cora,0.5,9,d,15,-0.37300000339746475
Cora,0.5,9,d,20,-0.37300000339746475
Cora,0.5,9,d,30,-0.37300000339746475
Cora,0.5,9,d,50,-0.37300000339746475
Cora,0.5,9,d,75,-0.37300000339746475
Cora,0.5,9,d,100,-0.37300000339746475
Cora,0.5,9,p,2,0.0559999942779541
Cora,0.5,9,p,5,-0.19600000977516174
Cora,0.5,9,p,10,-0.3710000067949295
Cora,0.5,9,p,15,-0.37300000339746475
Cora,0.5,9,p,20,-0.37300000339746475
Cora,0.5,9,p,30,-0.37300000339746475
Cora,0.5,9,p,50,-0.37300000339746475
Cora,0.5,9,p,75,-0.37300000339746475
Cora,0.5,9,p,100,-0.37300000339746475
Cora,0.5,9,u,0,0.07100003957748413
